image_rel,source_folder,route,capture,has_label,has_positive,n_boxes,classes
trashbin/bin (1).jpg,trashbin,unknown,video,True,True,2,0
trashbin/bin (10).jpg,trashbin,unknown,video,True,True,5,0
trashbin/bin (11).jpg,trashbin,unknown,video,True,True,3,0
trashbin/bin (12).jpg,trashbin,unknown,video,True,True,4,0
trashbin/bin (13).jpg,trashbin,unknown,video,True,True,1,0
trashbin/bin (14).jpg,trashbin,unknown,video,True,True,4,0
trashbin/bin (15).jpg,trashbin,unknown,video,True,True,1,0
trashbin/bin (16).jpg,trashbin,unknown,video,True,True,1,0
trashbin/bin (17).jpg,trashbin,unknown,video,True,True,1,0
trashbin/bin (18).jpg,trashbin,unknown,video,True,True,1,0
trashbin/bin (19).jpg,trashbin,unknown,video,True,True,2,0
trashbin/bin (2).jpg,trashbin,unknown,video,True,True,2,0
trashbin/bin (20).jpg,trashbin,unknown,video,True,True,1,0
trashbin/bin (21).jpg,trashbin,unknown,video,True,True,1,0
trashbin/bin (22).jpg,trashbin,unknown,video,True,True,1,0
trashbin/bin (23).jpg,trashbin,unknown,video,True,True,3,0
trashbin/bin (24).jpg,trashbin,unknown,video,True,True,1,0
trashbin/bin (25).jpg,trashbin,unknown,video,True,True,2,0
trashbin/bin (26).jpg,trashbin,unknown,video,True,True,1,0
trashbin/bin (27).jpg,trashbin,unknown,video,True,True,1,0
trashbin/bin (28).jpg,trashbin,unknown,video,True,True,1,0
trashbin/bin (29).jpg,trashbin,unknown,video,True,True,1,0
trashbin/bin (3).jpg,trashbin,unknown,video,True,True,1,0
trashbin/bin (30).jpg,trashbin,unknown,video,True,True,1,0
trashbin/bin (31).jpg,trashbin,unknown,video,True,True,1,0
trashbin/bin (32).jpg,trashbin,unknown,video,True,True,1,0
trashbin/bin (33).jpg,trashbin,unknown,video,True,True,1,0
trashbin/bin (34).jpg,trashbin,unknown,video,True,True,4,0
trashbin/bin (35).jpg,trashbin,unknown,video,True,True,1,0
trashbin/bin (36).jpg,trashbin,unknown,video,True,True,6,0
trashbin/bin (37).jpg,trashbin,unknown,video,True,True,4,0
trashbin/bin (38).jpg,trashbin,unknown,video,True,True,3,0
trashbin/bin (39).jpg,trashbin,unknown,video,True,True,1,0
trashbin/bin (4).jpg,trashbin,unknown,video,True,True,3,0
trashbin/bin (40).jpg,trashbin,unknown,video,True,True,1,0
trashbin/bin (41).jpg,trashbin,unknown,video,True,True,1,0
trashbin/bin (42).jpg,trashbin,unknown,video,True,True,2,0
trashbin/bin (43).jpg,trashbin,unknown,video,True,True,1,0
trashbin/bin (44).jpg,trashbin,unknown,video,True,True,1,0
trashbin/bin (5).jpg,trashbin,unknown,video,True,True,4,0
trashbin/bin (6).jpg,trashbin,unknown,video,True,True,3,0
trashbin/bin (7).jpg,trashbin,unknown,video,True,True,3,0
trashbin/bin (8).jpg,trashbin,unknown,video,True,True,3,0
trashbin/bin (9).jpg,trashbin,unknown,video,True,True,2,0
